variant,fault_id,n_runs,mean_tpr,mean_fpr,mean_precision,mean_recall,mean_f1,mean_lead_time_s
paper_fidelity,cpu_hog_like,2,0.5,0.4839108910891089,0.01608910891089109,0.5,0.03117505995203837,17.52205984409039
paper_fidelity,mem_leak,2,1.0,0.9606619921633326,0.039338007836667355,1.0,0.07569683085147003,37.04673098723094
