variant,fault_id,n_runs,mean_tpr,mean_fpr,mean_precision,mean_recall,mean_f1,mean_lead_time_s
paper_fidelity,cpu_hog_like,2,1.0,0.9650236569443613,0.03497634305563874,1.0,0.06700223713646533,30.725539414087933
paper_fidelity,lock_convoy,1,0.0,0.0,0.0,0.0,0.0,0.0
paper_fidelity,mem_leak,2,1.0,0.9665988065988067,0.0334011934011934,1.0,0.06445335612385773,32.24810034036636
paper_fidelity,net_hog_like_latency,2,1.0,0.9624848452901797,0.03751515470982025,1.0,0.07172247585085331,26.718536582647587
