variant,fault_id,n_runs,mean_tpr,mean_fpr,mean_precision,mean_recall,mean_f1,mean_lead_time_s
current_default,cpu_hog_like,1,1.0,0.9791666666666666,0.020833333333333332,1.0,0.04081632653061225,51.98776445388794
current_default,mem_leak,1,1.0,0.9785407725321889,0.02145922746781116,1.0,0.04201680672268908,54.315360116958615
current_default,net_hog_like_latency,1,1.0,0.9917355371900827,0.008264462809917356,1.0,0.01639344262295082,54.23450589179993
paper_fidelity,cpu_hog_like,1,1.0,0.9620853080568721,0.037914691943127965,1.0,0.07305936073059362,44.27991324663162
paper_fidelity,mem_leak,1,1.0,0.9605911330049262,0.03940886699507389,1.0,0.07582938388625593,47.13844230771065
paper_fidelity,net_hog_like_latency,1,1.0,0.9768518518518519,0.023148148148148147,1.0,0.04524886877828054,46.73780517578125
